ID,CNT_TBM,CNT_ATM,CNT_POS,CNT_CSC,CNT_TOT
19464,54.0,6.0,2.0,1.0,63.0
14656,12.0,5.0,2.0,1.0,20.0
90211,151.0,3.0,2.0,1.0,157.0
98557,30.0,20.0,4.0,1.0,55.0
62213,146.0,9.0,42.0,1.0,198.0
34384,39.0,52.0,12.0,40.0,143.0
74575,139.0,15.0,70.0,1.0,225.0
2484,149.0,45.0,11.0,3.0,208.0
22655,54.0,3.0,2.0,1.0,60.0
70379,54.0,45.0,2.0,5.0,106.0
31419,11.0,13.0,2.0,5.0,31.0
93223,123.0,80.0,74.12481095,38.0,344.0
52566,251.0,37.0,20.0,1.0,309.0
29983,46.0,4.0,8.0,11.0,69.0
64557,128.0,30.0,2.0,1.0,161.0
52164,104.0,33.0,74.12481095,36.0,362.0
96530,36.0,11.0,7.0,1.0,55.0
51623,42.0,6.0,43.0,1.0,92.0
63486,57.0,9.0,2.0,1.0,69.0
72235,121.0,26.0,43.0,20.0,210.0
37884,17.0,6.0,20.0,1.0,44.0
73969,80.0,3.0,2.0,3.0,88.0
52986,32.0,3.0,2.0,6.0,43.0
9348,138.0,34.0,2.0,9.0,183.0
38721,126.0,60.0,20.0,8.0,214.0
36536,61.0,10.0,2.0,3.0,76.0
23724,17.0,3.0,2.0,2.0,24.0
56318,17.0,36.0,23.0,16.0,92.0
33811,48.0,39.0,2.0,2.0,91.0
53051,65.0,3.0,2.0,1.0,71.0
33971,86.0,58.0,60.0,42.0,246.0
2039,190.0,32.0,3.0,4.0,229.0
3900,19.0,19.0,2.0,1.0,41.0
63667,39.0,33.0,42.0,6.0,120.0
77331,65.0,22.0,20.0,1.0,108.0
83912,38.0,67.0,63.0,1.0,169.0
57623,10.0,14.0,2.0,1.0,27.0
69383,87.0,3.0,2.0,2.0,94.0
80760,47.0,7.0,2.0,1.0,57.0
97945,23.0,8.0,9.0,1.0,41.0
58429,38.0,8.0,7.0,2.0,55.0
23678,92.0,3.0,2.0,8.0,105.0
43377,27.0,35.0,2.0,5.0,69.0
12308,46.0,28.0,17.0,1.0,92.0
18605,26.0,4.0,2.0,2.0,34.0
64232,98.0,12.0,2.0,16.0,128.0
55176,77.0,3.0,2.0,3.0,85.0
70853,16.0,35.0,7.0,5.0,63.0
79801,52.0,3.0,2.0,1.0,58.0
60625,17.0,45.0,4.0,5.0,71.0
61185,13.0,3.0,2.0,1.0,19.0
41836,35.0,22.0,2.0,7.0,66.0
56416,97.0,11.0,2.0,5.0,115.0
11609,48.0,23.0,2.0,1.0,74.0
12793,150.0,30.0,74.12481095,35.0,300.0
46570,39.0,27.0,8.0,1.0,75.0
37287,26.0,82.06801162,19.0,2.0,148.0
84783,17.0,3.0,2.0,1.0,23.0
7822,17.0,3.0,2.0,1.0,23.0
5781,11.0,20.0,2.0,1.0,34.0
60241,21.0,3.0,2.0,1.0,27.0
70243,125.0,36.0,26.0,43.06978837,233.0
89401,35.0,15.0,2.0,16.0,68.0
94486,12.0,6.0,2.0,2.0,22.0
36057,25.0,10.0,2.0,1.0,38.0
15904,11.0,3.0,2.0,1.0,17.0
60677,371.59943230000005,3.0,2.0,22.0,446.3551916
66646,371.59943230000005,3.0,2.0,6.0,446.3551916
50195,12.0,23.0,2.0,1.0,38.0
91207,20.0,3.0,2.0,11.0,36.0
23045,145.0,3.0,2.0,1.0,151.0
53669,13.0,18.0,2.0,1.0,34.0
47536,63.0,40.0,43.0,5.0,151.0
28780,80.0,28.0,18.0,2.0,128.0
85223,19.0,10.0,2.0,1.0,32.0
33737,149.0,3.0,2.0,2.0,156.0
57864,18.0,3.0,2.0,4.0,27.0
60263,32.0,37.0,3.0,1.0,73.0
60247,49.0,3.0,2.0,8.0,62.0
66858,49.0,23.0,6.0,3.0,81.0
53171,29.0,11.0,2.0,1.0,43.0
73912,68.0,3.0,2.0,16.0,89.0
14217,22.0,3.0,2.0,1.0,28.0
1917,14.0,4.0,2.0,1.0,21.0
44995,19.0,7.0,2.0,1.0,29.0
28390,97.0,8.0,2.0,11.0,118.0
10051,112.0,3.0,2.0,1.0,118.0
44862,71.0,36.0,7.0,3.0,117.0
19599,97.0,13.0,2.0,2.0,114.0
61171,19.0,3.0,2.0,1.0,25.0
19852,23.0,6.0,2.0,5.0,36.0
29568,44.0,49.0,34.0,5.0,132.0
45494,43.0,17.0,32.0,43.06978837,142.0
85067,102.0,3.0,2.0,4.0,111.0
26025,371.59943230000005,3.0,2.0,1.0,446.3551916
38210,75.0,3.0,28.0,1.0,107.0
16074,11.0,3.0,2.0,1.0,17.0
8593,31.0,24.0,2.0,1.0,58.0
70299,44.0,3.0,2.0,9.0,58.0
82903,61.0,55.0,23.0,8.0,147.0
26672,13.0,30.0,23.0,1.0,67.0
11722,133.0,3.0,2.0,1.0,139.0
91730,36.0,26.0,2.0,7.0,71.0
97869,66.0,3.0,2.0,41.0,112.0
48869,12.0,24.0,2.0,1.0,39.0
18593,22.0,17.0,12.0,2.0,53.0
62880,93.0,10.0,41.0,4.0,148.0
21549,155.0,21.0,30.0,3.0,209.0
15438,41.0,3.0,2.0,4.0,50.0
52749,70.0,13.0,60.0,1.0,144.0
57053,13.0,3.0,2.0,1.0,19.0
35381,21.0,24.0,3.0,1.0,49.0
25546,130.0,19.0,2.0,2.0,153.0
52800,41.0,33.0,9.0,3.0,86.0
3535,49.0,43.0,2.0,1.0,95.0
2425,110.0,3.0,11.0,3.0,127.0
39724,21.0,14.0,10.0,1.0,46.0
39715,100.0,23.0,21.0,27.0,171.0
16721,48.0,24.0,72.0,1.0,145.0
8975,82.0,17.0,15.0,3.0,117.0
18533,51.0,8.0,2.0,1.0,62.0
33606,11.0,3.0,2.0,4.0,20.0
51300,32.0,41.0,3.0,4.0,80.0
71453,78.0,3.0,2.0,9.0,92.0
60181,76.0,3.0,2.0,1.0,82.0
95378,112.0,20.0,16.0,1.0,149.0
70702,13.0,3.0,2.0,1.0,19.0
44132,128.0,33.0,7.0,16.0,184.0
75618,44.0,24.0,36.0,3.0,107.0
6458,93.0,22.0,4.0,3.0,122.0
78415,29.0,14.0,5.0,3.0,51.0
33417,14.0,19.0,2.0,1.0,36.0
65770,97.0,9.0,19.0,39.0,164.0
2054,14.0,3.0,2.0,1.0,20.0
22070,52.0,27.0,5.0,3.0,87.0
74681,95.0,3.0,2.0,1.0,101.0
82927,72.0,31.0,9.0,2.0,114.0
70311,14.0,34.0,9.0,2.0,59.0
80476,70.0,82.06801162,74.12481095,11.0,323.0
61772,17.0,23.0,2.0,1.0,43.0
88843,10.0,11.0,2.0,1.0,24.0
28204,76.0,4.0,9.0,10.0,99.0
43182,85.0,65.0,18.0,8.0,176.0
29030,80.0,22.0,2.0,1.0,105.0
11646,50.0,24.0,2.0,1.0,77.0
77076,11.0,3.0,2.0,1.0,17.0
18294,65.0,41.0,14.0,28.0,148.0
4002,75.0,33.0,9.0,2.0,119.0
57357,128.0,3.0,2.0,1.0,134.0
66591,44.0,3.0,2.0,1.0,50.0
45279,11.0,6.0,2.0,3.0,22.0
34382,136.0,57.0,4.0,17.0,214.0
90567,76.0,4.0,4.0,2.0,86.0
26832,77.0,20.0,11.0,2.0,110.0
83607,146.0,14.0,2.0,7.0,169.0
1510,32.0,32.0,74.12481095,5.0,148.0
57473,81.0,30.0,46.0,18.0,175.0
7909,17.0,3.0,2.0,3.0,25.0
61058,99.0,15.0,2.0,1.0,117.0
5091,57.0,12.0,2.0,4.0,75.0
49665,137.0,37.0,24.0,17.0,215.0
53775,132.0,25.0,44.0,2.0,203.0
24199,318.0,54.0,6.0,15.0,393.0
90576,12.0,3.0,2.0,2.0,19.0
56455,206.0,3.0,2.0,1.0,212.0
4619,54.0,41.0,27.0,7.0,129.0
83428,15.0,3.0,2.0,1.0,21.0
62408,37.0,10.0,2.0,3.0,52.0
43617,135.0,32.0,35.0,7.0,209.0
78727,62.0,3.0,2.0,1.0,68.0
85189,31.0,3.0,2.0,4.0,40.0
43068,20.0,35.0,3.0,10.0,68.0
14213,58.0,5.0,3.0,1.0,67.0
44899,52.0,3.0,2.0,1.0,58.0
86953,16.0,3.0,2.0,12.0,33.0
91924,13.0,5.0,2.0,1.0,21.0
59148,12.0,3.0,2.0,1.0,18.0
92807,43.0,52.0,32.0,25.0,152.0
56362,60.0,3.0,2.0,1.0,66.0
73531,89.0,15.0,3.0,15.0,122.0
28263,19.0,24.0,2.0,1.0,46.0
9436,55.0,12.0,7.0,3.0,77.0
69237,26.0,5.0,2.0,1.0,34.0
81030,81.0,3.0,2.0,1.0,87.0
55947,50.0,22.0,44.0,7.0,123.0
50540,57.0,34.0,48.0,3.0,142.0
12705,36.0,34.0,22.0,5.0,97.0
20436,124.0,3.0,2.0,1.0,130.0
70614,23.0,3.0,2.0,1.0,29.0
83771,53.0,55.0,46.0,22.0,176.0
90719,16.0,14.0,2.0,1.0,33.0
68330,183.0,34.0,38.0,18.0,273.0
32091,55.0,27.0,2.0,3.0,87.0
10646,57.0,38.0,25.0,13.0,133.0
18369,86.0,73.0,71.0,8.0,238.0
7470,227.0,43.0,24.0,43.06978837,380.0
25234,33.0,26.0,16.0,1.0,76.0
98092,48.0,3.0,2.0,3.0,56.0
5092,169.0,15.0,10.0,3.0,197.0
94436,86.0,3.0,2.0,2.0,93.0
16840,10.0,15.0,2.0,1.0,28.0
43064,32.0,54.0,2.0,4.0,92.0
99477,10.0,7.0,2.0,1.0,20.0
12467,42.0,3.0,2.0,1.0,48.0
94677,371.59943230000005,3.0,2.0,6.0,446.3551916
44417,10.0,3.0,2.0,5.0,20.0
93520,50.0,23.0,7.0,4.0,84.0
55321,75.0,10.0,2.0,1.0,88.0
39,122.0,25.0,19.0,7.0,173.0
65745,126.0,32.0,22.0,1.0,181.0
75727,42.0,3.0,2.0,2.0,49.0
56235,57.0,15.0,2.0,5.0,79.0
50187,13.0,3.0,2.0,1.0,19.0
81912,13.0,6.0,2.0,1.0,22.0
98234,13.0,7.0,2.0,1.0,23.0
55595,76.0,44.0,53.0,2.0,175.0
74686,13.0,3.0,2.0,1.0,19.0
98780,22.0,3.0,2.0,2.0,29.0
11027,54.0,12.0,32.0,11.0,109.0
27499,88.0,41.0,10.0,12.0,151.0
99172,57.0,3.0,2.0,1.0,63.0
82610,52.0,36.0,2.0,1.0,91.0
74161,17.0,3.0,2.0,2.0,24.0
3486,21.0,33.0,2.0,1.0,57.0
55152,22.0,30.0,21.0,1.0,74.0
49450,147.0,27.0,24.0,1.0,199.0
74725,45.0,8.0,2.0,1.0,56.0
40754,42.0,17.0,35.0,12.0,106.0
81111,123.0,29.0,19.0,12.0,183.0
76510,21.0,38.0,15.0,5.0,79.0
93115,27.0,3.0,2.0,1.0,33.0
43662,87.0,8.0,3.0,1.0,99.0
49456,67.0,22.0,29.0,29.0,147.0
91285,59.0,56.0,34.0,1.0,150.0
24234,94.0,3.0,2.0,2.0,101.0
96817,38.0,16.0,5.0,1.0,60.0
510,74.0,15.0,2.0,5.0,96.0
92039,64.0,37.0,10.0,9.0,120.0
97754,93.0,39.0,2.0,1.0,135.0
94782,11.0,3.0,2.0,1.0,17.0
11457,94.0,19.0,31.0,2.0,146.0
40330,17.0,19.0,2.0,1.0,39.0
6056,10.0,3.0,2.0,2.0,17.0
4436,72.0,13.0,5.0,2.0,92.0
57408,175.0,19.0,3.0,7.0,204.0
62083,33.0,24.0,37.0,5.0,99.0
76182,25.0,34.0,19.0,1.0,79.0
35039,30.0,14.0,2.0,6.0,52.0
98621,241.0,15.0,2.0,3.0,261.0
70700,18.0,3.0,2.0,1.0,24.0
39531,39.0,35.0,2.0,2.0,78.0
58321,180.0,3.0,2.0,3.0,188.0
69084,57.0,82.06801162,46.0,5.0,195.0
40741,244.0,27.0,2.0,12.0,285.0
90052,262.0,54.0,2.0,9.0,327.0
99579,66.0,41.0,14.0,12.0,133.0
48309,64.0,3.0,2.0,1.0,70.0
99454,21.0,14.0,68.0,3.0,106.0
45072,59.0,27.0,2.0,2.0,90.0
60137,110.0,3.0,2.0,1.0,116.0
34705,151.0,3.0,2.0,3.0,159.0
23386,17.0,3.0,2.0,1.0,23.0
40751,27.0,25.0,41.0,15.0,108.0
57082,52.0,50.0,8.0,1.0,111.0
89330,92.0,3.0,2.0,27.0,124.0
40811,45.0,39.0,2.0,1.0,87.0
55161,19.0,5.0,4.0,1.0,29.0
12456,20.0,3.0,2.0,7.0,32.0
65852,20.0,27.0,3.0,5.0,55.0
83496,24.0,3.0,2.0,1.0,30.0
88180,102.0,52.0,2.0,4.0,160.0
27193,58.0,43.0,4.0,3.0,108.0
40345,60.0,14.0,2.0,2.0,78.0
82255,16.0,3.0,2.0,5.0,26.0
94251,31.0,10.0,4.0,7.0,52.0
44724,59.0,21.0,20.0,3.0,103.0
20664,68.0,23.0,2.0,19.0,112.0
63598,122.0,37.0,8.0,13.0,180.0
40682,20.0,36.0,2.0,1.0,59.0
17397,12.0,6.0,2.0,1.0,21.0
33182,21.0,9.0,2.0,1.0,33.0
65534,14.0,3.0,2.0,1.0,20.0
62726,12.0,3.0,2.0,1.0,18.0
30574,120.0,37.0,54.0,15.0,226.0
17782,50.0,22.0,30.0,5.0,107.0
94153,12.0,7.0,2.0,1.0,22.0
82096,194.0,3.0,2.0,7.0,206.0
47947,28.0,3.0,2.0,9.0,42.0
21585,148.0,56.0,2.0,4.0,210.0
39869,135.0,43.0,30.0,1.0,209.0
53218,104.0,3.0,2.0,1.0,110.0
75614,24.0,34.0,22.0,3.0,83.0
73237,21.0,3.0,2.0,2.0,28.0
32461,120.0,18.0,2.0,6.0,146.0
71433,75.0,32.0,56.0,10.0,173.0
36069,15.0,8.0,2.0,1.0,26.0
93969,81.0,31.0,62.0,1.0,175.0
36807,38.0,29.0,2.0,1.0,70.0
22632,13.0,15.0,13.0,1.0,42.0
43702,76.0,18.0,16.0,3.0,113.0
94146,19.0,3.0,2.0,5.0,29.0
80545,294.0,82.06801162,45.0,43.06978837,446.3551916
86319,107.0,3.0,2.0,1.0,113.0
93995,23.0,12.0,3.0,5.0,43.0
47097,197.0,22.0,13.0,4.0,236.0
52502,11.0,3.0,2.0,1.0,17.0
20108,251.0,3.0,2.0,1.0,257.0
96286,13.0,6.0,6.0,2.0,27.0
24879,34.0,12.0,2.0,8.0,56.0
63664,34.0,3.0,2.0,2.0,41.0
8610,11.0,3.0,2.0,1.0,17.0
87259,158.0,27.0,3.0,1.0,189.0
77904,53.0,72.0,35.0,1.0,161.0
80776,56.0,46.0,5.0,33.0,140.0
81418,25.0,3.0,11.0,10.0,49.0
32190,117.0,15.0,74.12481095,5.0,242.0
87200,36.0,9.0,2.0,2.0,49.0
38109,73.0,82.06801162,74.12481095,43.06978837,397.0
66271,45.0,3.0,2.0,4.0,54.0
31099,26.0,13.0,2.0,1.0,42.0
56309,23.0,6.0,4.0,1.0,34.0
88675,158.0,43.0,2.0,1.0,204.0
97171,29.0,77.0,16.0,1.0,123.0
44303,60.0,3.0,2.0,1.0,66.0
72902,20.0,4.0,5.0,1.0,30.0
53786,138.0,18.0,6.0,42.0,204.0
93611,112.0,56.0,34.0,8.0,210.0
91632,80.0,20.0,42.0,26.0,168.0
58652,12.0,3.0,2.0,1.0,18.0
23327,11.0,11.0,14.0,2.0,38.0
64393,55.0,7.0,20.0,12.0,94.0
61275,13.0,3.0,2.0,1.0,19.0
28950,124.0,3.0,2.0,1.0,130.0
17777,92.0,5.0,16.0,8.0,121.0
151,55.0,3.0,2.0,2.0,62.0
51830,10.0,3.0,2.0,4.0,19.0
30529,112.0,3.0,2.0,1.0,118.0
84077,106.0,3.0,2.0,1.0,112.0
38495,63.0,21.0,37.0,4.0,125.0
865,32.0,30.0,2.0,1.0,65.0
93314,167.0,6.0,29.0,22.0,224.0
55750,21.0,17.0,3.0,10.0,51.0
75523,13.0,11.0,3.0,12.0,39.0
36198,42.0,25.0,8.0,1.0,76.0
1741,77.0,3.0,2.0,13.0,95.0
72763,94.0,31.0,17.0,17.0,159.0
22990,19.0,4.0,2.0,1.0,26.0
13882,75.0,38.0,2.0,2.0,117.0
62539,168.0,27.0,2.0,27.0,224.0
60945,21.0,25.0,4.0,1.0,51.0
55924,59.0,23.0,74.12481095,33.0,228.0
6146,20.0,12.0,20.0,1.0,53.0
4949,101.0,13.0,2.0,1.0,117.0
61787,24.0,16.0,4.0,5.0,49.0
82375,100.0,40.0,12.0,1.0,153.0
63788,11.0,3.0,2.0,1.0,17.0
63669,36.0,3.0,3.0,15.0,57.0
44518,33.0,10.0,2.0,1.0,46.0
98772,13.0,27.0,2.0,1.0,43.0
53012,22.0,3.0,2.0,1.0,28.0
11049,87.0,7.0,7.0,2.0,103.0
82223,95.0,27.0,4.0,1.0,127.0
22794,12.0,4.0,2.0,1.0,19.0
71355,12.0,3.0,2.0,1.0,18.0
35196,69.0,39.0,24.0,1.0,133.0
15226,62.0,35.0,42.0,17.0,156.0
33450,29.0,3.0,2.0,1.0,35.0
54382,28.0,20.0,4.0,1.0,53.0
30326,13.0,3.0,2.0,1.0,19.0
15051,20.0,27.0,2.0,1.0,50.0
72663,10.0,4.0,2.0,1.0,17.0
80417,18.0,11.0,13.0,1.0,43.0
43398,10.0,3.0,2.0,2.0,17.0
31392,14.0,30.0,2.0,1.0,47.0
76494,26.0,4.0,2.0,4.0,36.0
57456,13.0,3.0,2.0,1.0,19.0
79238,78.0,4.0,3.0,1.0,86.0
16714,25.0,9.0,2.0,1.0,37.0
82180,15.0,12.0,2.0,1.0,30.0
9863,67.0,10.0,2.0,1.0,80.0
87616,41.0,3.0,2.0,1.0,47.0
35899,64.0,12.0,8.0,11.0,95.0
80220,57.0,25.0,7.0,11.0,100.0
36282,47.0,12.0,2.0,7.0,68.0
75798,31.0,31.0,2.0,9.0,73.0
14571,104.0,3.0,2.0,1.0,110.0
50555,73.0,13.0,10.0,10.0,106.0
14960,165.0,3.0,2.0,2.0,172.0
80215,131.0,23.0,9.0,5.0,168.0
83359,76.0,3.0,2.0,1.0,82.0
9495,38.0,55.0,11.0,9.0,113.0
85208,64.0,4.0,2.0,8.0,78.0
25266,12.0,3.0,2.0,3.0,20.0
87277,49.0,30.0,7.0,1.0,87.0
74445,88.0,11.0,58.0,7.0,164.0
67939,304.0,47.0,3.0,1.0,355.0
97677,137.0,57.0,4.0,43.06978837,243.0
72426,30.0,3.0,2.0,3.0,38.0
55569,97.0,3.0,2.0,1.0,103.0
832,88.0,23.0,61.0,23.0,195.0
22736,83.0,13.0,2.0,5.0,103.0
32117,46.0,8.0,2.0,2.0,58.0
82241,87.0,13.0,4.0,2.0,106.0
24913,12.0,20.0,2.0,1.0,35.0
77463,90.0,8.0,2.0,2.0,102.0
8798,16.0,6.0,11.0,2.0,35.0
80307,53.0,3.0,2.0,1.0,59.0
63636,107.0,57.0,33.0,8.0,205.0
60652,53.0,3.0,2.0,3.0,61.0
55131,121.0,18.0,15.0,4.0,158.0
74858,36.0,31.0,38.0,6.0,111.0
77718,313.0,3.0,2.0,7.0,325.0
35518,57.0,82.06801162,35.0,4.0,208.0
51255,71.0,33.0,74.12481095,15.0,240.0
98393,39.0,56.0,22.0,28.0,145.0
16157,65.0,16.0,2.0,1.0,84.0
18116,54.0,56.0,2.0,3.0,115.0
93750,106.0,22.0,36.0,19.0,183.0
42443,72.0,3.0,2.0,1.0,78.0
38849,149.0,39.0,74.12481095,43.06978837,349.0
15776,46.0,3.0,2.0,1.0,52.0
16454,146.0,42.0,44.0,43.06978837,308.0
61923,67.0,12.0,2.0,1.0,82.0
8831,46.0,47.0,7.0,18.0,118.0
76293,47.0,3.0,3.0,5.0,58.0
33548,101.0,14.0,41.0,14.0,170.0
41957,31.0,23.0,2.0,4.0,60.0
3375,79.0,3.0,2.0,1.0,85.0
51769,11.0,4.0,2.0,1.0,18.0
21452,57.0,22.0,39.0,7.0,125.0
86544,11.0,3.0,2.0,1.0,17.0
3822,84.0,20.0,2.0,16.0,122.0
76251,27.0,24.0,2.0,1.0,54.0
38446,163.0,13.0,2.0,1.0,179.0
874,110.0,34.0,7.0,1.0,152.0
64740,99.0,19.0,15.0,1.0,134.0
80635,42.0,82.06801162,7.0,43.06978837,328.0
77708,55.0,15.0,2.0,1.0,73.0
25212,47.0,31.0,10.0,13.0,101.0
40243,60.0,21.0,2.0,1.0,84.0
55356,26.0,5.0,4.0,1.0,36.0
42716,12.0,3.0,2.0,1.0,18.0
89353,81.0,41.0,2.0,3.0,127.0
9525,37.0,17.0,6.0,5.0,65.0
83700,81.0,12.0,4.0,1.0,98.0
3587,233.0,23.0,2.0,9.0,267.0
5035,19.0,3.0,2.0,1.0,25.0
9166,28.0,3.0,2.0,1.0,34.0
26044,130.0,67.0,3.0,8.0,208.0
9639,19.0,15.0,4.0,13.0,51.0
80737,251.0,24.0,6.0,1.0,282.0
55665,14.0,3.0,2.0,2.0,21.0
66378,34.0,6.0,2.0,2.0,44.0
75209,24.0,50.0,18.0,1.0,93.0
64257,14.0,3.0,14.0,43.06978837,78.0
66478,97.0,29.0,33.0,9.0,168.0
48721,33.0,14.0,18.0,7.0,72.0
20478,59.0,3.0,2.0,6.0,70.0
443,22.0,18.0,41.0,1.0,82.0
91394,10.0,25.0,2.0,1.0,38.0
98641,102.0,9.0,2.0,1.0,114.0
49338,13.0,3.0,2.0,5.0,23.0
37310,53.0,71.0,2.0,7.0,133.0
21596,11.0,3.0,2.0,1.0,17.0
82205,59.0,22.0,40.0,12.0,133.0
31003,68.0,3.0,2.0,6.0,79.0
28483,27.0,3.0,2.0,1.0,33.0
93937,28.0,3.0,2.0,1.0,34.0
78023,28.0,3.0,2.0,4.0,37.0
76341,50.0,58.0,3.0,12.0,123.0
21598,19.0,32.0,7.0,1.0,59.0
69012,48.0,50.0,9.0,4.0,111.0
93600,19.0,3.0,2.0,1.0,25.0
64245,45.0,14.0,7.0,5.0,71.0
97477,109.0,3.0,2.0,1.0,115.0
89977,139.0,17.0,74.12481095,15.0,271.0
36661,16.0,3.0,2.0,3.0,24.0
76195,29.0,7.0,25.0,1.0,62.0
41688,109.0,21.0,38.0,19.0,187.0
78990,43.0,4.0,2.0,4.0,53.0
76596,75.0,3.0,2.0,12.0,92.0
33864,85.0,3.0,2.0,1.0,91.0
97892,74.0,3.0,2.0,6.0,85.0
54907,18.0,9.0,3.0,1.0,31.0
28351,64.0,12.0,11.0,16.0,103.0
70053,18.0,65.0,9.0,1.0,93.0
49011,86.0,25.0,2.0,3.0,116.0
88783,69.0,3.0,2.0,1.0,75.0
32073,76.0,3.0,2.0,1.0,82.0
27500,14.0,3.0,2.0,6.0,25.0
94344,202.0,13.0,2.0,1.0,218.0
28401,94.0,7.0,14.0,11.0,126.0
54154,54.0,82.06801162,8.0,1.0,240.0
49436,80.0,3.0,39.0,2.0,124.0
89303,53.0,3.0,2.0,11.0,69.0
64662,11.0,3.0,2.0,1.0,17.0
97046,124.0,27.0,3.0,1.0,155.0
43918,101.0,69.0,45.0,12.0,227.0
11347,35.0,12.0,2.0,1.0,50.0
10809,70.0,82.06801162,2.0,43.06978837,255.0
45085,52.0,4.0,2.0,1.0,59.0
5396,73.0,24.0,43.0,24.0,164.0
85881,83.0,30.0,2.0,2.0,117.0
42673,43.0,19.0,3.0,5.0,70.0
53759,65.0,27.0,5.0,4.0,101.0
26471,39.0,3.0,2.0,5.0,49.0
89500,15.0,10.0,2.0,6.0,33.0
86948,27.0,32.0,2.0,1.0,62.0
36217,35.0,16.0,2.0,9.0,62.0
777,11.0,6.0,2.0,1.0,20.0
33386,36.0,12.0,2.0,1.0,51.0
66922,113.0,20.0,26.0,16.0,175.0
27823,35.0,16.0,3.0,2.0,56.0
69280,27.0,8.0,7.0,3.0,45.0
41088,55.0,25.0,3.0,2.0,85.0
82173,81.0,31.0,63.0,7.0,182.0
21205,21.0,8.0,2.0,1.0,32.0
88993,14.0,3.0,2.0,1.0,20.0
67518,40.0,29.0,16.0,8.0,93.0
63472,117.0,4.0,2.0,7.0,130.0
66612,97.0,13.0,7.0,5.0,122.0
27357,14.0,3.0,2.0,1.0,20.0
78207,31.0,8.0,2.0,2.0,43.0
11047,13.0,4.0,2.0,1.0,20.0
48861,26.0,4.0,2.0,9.0,41.0
34152,19.0,11.0,2.0,1.0,33.0
75971,39.0,45.0,2.0,2.0,88.0
49212,37.0,8.0,52.0,13.0,110.0
76051,87.0,21.0,70.0,3.0,181.0
44708,13.0,3.0,2.0,1.0,19.0
74893,32.0,14.0,38.0,1.0,85.0
86029,13.0,34.0,3.0,1.0,51.0
60987,20.0,3.0,2.0,1.0,26.0
30918,13.0,3.0,2.0,1.0,19.0
79035,10.0,19.0,2.0,1.0,32.0
35444,11.0,3.0,2.0,1.0,17.0
67168,24.0,24.0,2.0,1.0,51.0
50908,79.0,25.0,2.0,1.0,107.0
10037,10.0,3.0,2.0,3.0,18.0
91958,91.0,22.0,8.0,2.0,123.0
50985,45.0,3.0,2.0,10.0,60.0
25222,63.0,18.0,6.0,27.0,114.0
32851,156.0,3.0,2.0,1.0,162.0
79565,15.0,5.0,2.0,4.0,26.0
44505,47.0,11.0,8.0,2.0,68.0
18293,94.0,3.0,2.0,1.0,100.0
86182,32.0,3.0,15.0,11.0,61.0
3300,14.0,3.0,2.0,1.0,20.0
68307,103.0,30.0,2.0,43.06978837,218.0
43577,26.0,3.0,2.0,4.0,35.0
12543,80.0,17.0,24.0,3.0,124.0
75514,133.0,18.0,3.0,4.0,158.0
73974,69.0,47.0,35.0,4.0,155.0
52371,74.0,3.0,5.0,4.0,86.0
21101,139.0,37.0,74.12481095,31.0,330.0
53434,137.0,55.0,8.0,10.0,210.0
56679,13.0,5.0,2.0,1.0,21.0
46087,83.0,40.0,10.0,5.0,138.0
73194,88.0,10.0,17.0,2.0,117.0
90831,59.0,6.0,2.0,2.0,69.0
52297,15.0,30.0,2.0,1.0,48.0
76993,28.0,3.0,2.0,1.0,34.0
1972,17.0,3.0,11.0,1.0,32.0
57262,124.0,32.0,3.0,2.0,161.0
11540,155.0,3.0,2.0,1.0,161.0
36501,68.0,64.0,74.12481095,2.0,291.0
8964,108.0,35.0,28.0,24.0,195.0
3994,93.0,3.0,2.0,11.0,109.0
45223,48.0,3.0,2.0,4.0,57.0
29070,10.0,5.0,2.0,1.0,18.0
27690,11.0,3.0,2.0,2.0,18.0
89914,28.0,41.0,13.0,9.0,91.0
80954,13.0,3.0,2.0,2.0,20.0
56418,55.0,5.0,2.0,1.0,63.0
2135,17.0,3.0,2.0,1.0,23.0
62610,175.0,15.0,2.0,2.0,194.0
66904,83.0,45.0,74.12481095,3.0,213.0
73901,10.0,3.0,2.0,2.0,17.0
11913,12.0,7.0,2.0,1.0,22.0
17508,112.0,3.0,58.0,2.0,175.0
85502,101.0,59.0,10.0,2.0,172.0
18601,28.0,3.0,3.0,1.0,35.0
90860,11.0,3.0,2.0,2.0,18.0
70985,31.0,37.0,9.0,7.0,84.0
22223,93.0,19.0,2.0,10.0,124.0
89954,137.0,24.0,63.0,1.0,225.0
19615,205.0,3.0,2.0,1.0,211.0
39265,103.0,3.0,2.0,5.0,113.0
27921,221.0,3.0,2.0,15.0,241.0
23165,55.0,23.0,20.0,4.0,102.0
29860,135.0,22.0,22.0,9.0,188.0
7427,10.0,23.0,2.0,1.0,36.0
78852,111.0,3.0,2.0,1.0,117.0
23007,50.0,33.0,3.0,8.0,94.0
29046,13.0,16.0,2.0,1.0,32.0
88069,116.0,3.0,2.0,3.0,124.0
23346,25.0,3.0,2.0,1.0,31.0
17311,18.0,37.0,2.0,1.0,58.0
31727,42.0,3.0,2.0,1.0,48.0
64362,54.0,10.0,9.0,7.0,80.0
62674,42.0,20.0,24.0,1.0,87.0
62544,40.0,8.0,6.0,1.0,55.0
32931,17.0,8.0,2.0,5.0,32.0
24885,69.0,32.0,30.0,7.0,138.0
53454,53.0,53.0,56.0,16.0,178.0
67466,82.0,30.0,15.0,15.0,142.0
41036,120.0,12.0,6.0,1.0,139.0
75315,48.0,33.0,2.0,2.0,85.0
60613,13.0,8.0,2.0,1.0,24.0
816,17.0,37.0,2.0,1.0,57.0
72071,25.0,18.0,3.0,14.0,60.0
17421,98.0,14.0,2.0,1.0,115.0
5761,93.0,27.0,19.0,22.0,161.0
30815,94.0,3.0,2.0,7.0,106.0
5246,37.0,14.0,2.0,2.0,55.0
46147,14.0,12.0,2.0,1.0,29.0
48465,58.0,18.0,14.0,1.0,91.0
5281,41.0,3.0,2.0,20.0,66.0
12915,11.0,3.0,2.0,1.0,17.0
85864,132.0,18.0,2.0,2.0,154.0
23382,12.0,5.0,2.0,1.0,20.0
32939,79.0,11.0,2.0,6.0,98.0
11406,35.0,3.0,2.0,1.0,41.0
98257,123.0,56.0,52.0,11.0,242.0
10797,20.0,16.0,2.0,3.0,41.0
62451,50.0,6.0,3.0,10.0,69.0
11597,169.0,23.0,7.0,1.0,200.0
62370,12.0,30.0,5.0,1.0,48.0
71054,81.0,33.0,15.0,2.0,131.0
67662,225.0,3.0,2.0,37.0,267.0
48822,125.0,4.0,25.0,16.0,170.0
16406,42.0,3.0,2.0,1.0,48.0
41925,25.0,25.0,9.0,1.0,60.0
26480,63.0,22.0,2.0,7.0,94.0
32476,30.0,32.0,4.0,3.0,69.0
17687,82.0,63.0,5.0,43.06978837,253.0
83495,140.0,22.0,6.0,2.0,170.0
23621,97.0,27.0,35.0,6.0,165.0
64905,14.0,3.0,2.0,1.0,20.0
54690,79.0,24.0,2.0,13.0,118.0
98574,10.0,13.0,2.0,1.0,26.0
53721,107.0,21.0,12.0,6.0,146.0
38648,86.0,3.0,2.0,1.0,92.0
98012,60.0,16.0,3.0,1.0,80.0
24281,37.0,17.0,2.0,4.0,60.0
57060,95.0,32.0,9.0,8.0,144.0
56583,117.0,5.0,13.0,34.0,169.0
53405,40.0,3.0,2.0,7.0,52.0
94773,39.0,15.0,3.0,1.0,58.0
44534,117.0,29.0,2.0,4.0,152.0
40172,61.0,31.0,5.0,7.0,104.0
4395,11.0,3.0,2.0,1.0,17.0
4921,23.0,4.0,2.0,5.0,34.0
8591,17.0,3.0,2.0,1.0,23.0
66727,13.0,5.0,2.0,1.0,21.0
40003,101.0,3.0,2.0,6.0,112.0
64322,95.0,26.0,18.0,5.0,144.0
7533,11.0,3.0,2.0,1.0,17.0
40862,39.0,5.0,2.0,4.0,50.0
44185,29.0,3.0,2.0,1.0,35.0
27080,11.0,3.0,2.0,1.0,17.0
88229,25.0,34.0,2.0,1.0,62.0
21151,10.0,72.0,2.0,6.0,90.0
22039,144.0,8.0,6.0,8.0,166.0
32068,235.0,31.0,29.0,3.0,298.0
89973,16.0,3.0,2.0,1.0,22.0
21922,19.0,19.0,4.0,1.0,43.0
61370,16.0,8.0,2.0,6.0,32.0
72765,272.0,12.0,2.0,31.0,317.0
25173,10.0,5.0,2.0,1.0,18.0
34600,74.0,14.0,12.0,43.06978837,160.0
20477,13.0,6.0,2.0,1.0,22.0
9109,91.0,3.0,2.0,6.0,102.0
61924,84.0,3.0,2.0,2.0,91.0
23263,13.0,10.0,2.0,1.0,26.0
79756,48.0,33.0,2.0,3.0,86.0
35994,46.0,24.0,4.0,7.0,81.0
28959,49.0,82.06801162,30.0,21.0,188.0
95206,156.0,3.0,2.0,1.0,162.0
93659,31.0,34.0,2.0,4.0,71.0
70504,39.0,27.0,27.0,4.0,97.0
62058,39.0,50.0,2.0,2.0,93.0
31914,67.0,46.0,21.0,12.0,146.0
19928,62.0,10.0,15.0,1.0,88.0
74811,63.0,6.0,2.0,7.0,78.0
31400,17.0,22.0,4.0,9.0,52.0
94939,146.0,3.0,14.0,7.0,170.0
70253,99.0,3.0,2.0,1.0,105.0
28994,121.0,18.0,35.0,23.0,197.0
11949,47.0,20.0,17.0,1.0,85.0
73803,89.0,5.0,2.0,12.0,108.0
4887,26.0,3.0,2.0,1.0,32.0
61744,14.0,3.0,3.0,1.0,21.0
98424,40.0,3.0,2.0,1.0,46.0
70971,16.0,28.0,15.0,1.0,60.0
72400,47.0,16.0,3.0,43.06978837,114.0
12371,102.0,3.0,2.0,1.0,108.0
29890,85.0,4.0,4.0,1.0,94.0
54665,127.0,3.0,2.0,2.0,134.0
10671,186.0,79.0,69.0,43.06978837,389.0
97440,140.0,3.0,2.0,1.0,146.0
53120,137.0,3.0,2.0,8.0,150.0
41990,22.0,24.0,2.0,1.0,49.0
88736,128.0,57.0,12.0,9.0,206.0
25365,89.0,3.0,2.0,6.0,100.0
55882,54.0,23.0,34.0,39.0,150.0
17701,87.0,3.0,2.0,3.0,95.0
4369,198.0,24.0,3.0,18.0,243.0
37769,154.0,3.0,2.0,3.0,162.0
24699,16.0,3.0,3.0,7.0,29.0
91181,82.0,27.0,20.0,1.0,130.0
56107,77.0,14.0,2.0,1.0,94.0
57066,91.0,6.0,2.0,9.0,108.0
79212,156.0,3.0,2.0,3.0,164.0
3012,52.0,3.0,2.0,9.0,66.0
21310,140.0,11.0,19.0,11.0,181.0
96333,21.0,4.0,2.0,1.0,28.0
86485,25.0,46.0,2.0,1.0,74.0
24130,80.0,82.06801162,46.0,7.0,228.0
74764,19.0,4.0,2.0,5.0,30.0
91284,125.0,3.0,2.0,2.0,132.0
27523,91.0,3.0,2.0,1.0,97.0
92381,77.0,27.0,2.0,43.06978837,155.0
97510,11.0,3.0,2.0,1.0,17.0
98201,50.0,3.0,2.0,1.0,56.0
53501,19.0,24.0,3.0,1.0,47.0
27355,141.0,12.0,8.0,20.0,181.0
51870,101.0,82.06801162,39.0,9.0,263.0
10854,87.0,3.0,2.0,2.0,94.0
47535,103.0,16.0,5.0,5.0,129.0
98790,92.0,13.0,2.0,1.0,108.0
95933,60.0,17.0,49.0,5.0,131.0
49362,82.0,41.0,2.0,2.0,127.0
66845,67.0,30.0,2.0,10.0,109.0
25656,38.0,3.0,12.0,1.0,54.0
63747,45.0,3.0,2.0,3.0,53.0
38096,107.0,8.0,2.0,8.0,125.0
21221,89.0,20.0,2.0,2.0,113.0
14526,25.0,16.0,55.0,1.0,97.0
1366,103.0,13.0,11.0,9.0,136.0
11736,110.0,3.0,2.0,4.0,119.0
30676,130.0,8.0,2.0,12.0,152.0
10212,54.0,33.0,2.0,6.0,95.0
9079,147.0,75.0,28.0,28.0,278.0
74862,83.0,3.0,2.0,1.0,89.0
33313,76.0,3.0,2.0,12.0,93.0
9895,371.59943230000005,3.0,2.0,8.0,397.0
96049,67.0,34.0,24.0,10.0,135.0
61084,97.0,19.0,52.0,2.0,170.0
49306,22.0,3.0,2.0,8.0,35.0
43169,328.0,3.0,2.0,6.0,339.0
90605,74.0,44.0,74.12481095,2.0,203.0
14858,13.0,37.0,2.0,1.0,53.0
90676,25.0,3.0,2.0,1.0,31.0
11923,11.0,5.0,2.0,1.0,19.0
15915,47.0,3.0,2.0,10.0,62.0
77957,66.0,3.0,2.0,5.0,76.0
43212,80.0,22.0,15.0,7.0,124.0
30312,87.0,39.0,14.0,2.0,142.0
85250,52.0,54.0,19.0,3.0,128.0
15077,10.0,5.0,2.0,1.0,18.0
65554,57.0,5.0,6.0,1.0,69.0
47057,25.0,47.0,18.0,1.0,91.0
48588,42.0,4.0,2.0,2.0,50.0
15721,17.0,3.0,2.0,1.0,23.0
50228,42.0,5.0,7.0,1.0,55.0
91659,29.0,62.0,66.0,12.0,169.0
58712,114.0,52.0,2.0,2.0,170.0
1265,10.0,3.0,2.0,3.0,18.0
89932,165.0,3.0,2.0,2.0,172.0
21958,127.0,3.0,2.0,39.0,171.0
53954,371.59943230000005,3.0,2.0,43.06978837,446.3551916
52411,31.0,35.0,2.0,1.0,69.0
30135,77.0,3.0,2.0,19.0,101.0
41066,160.0,10.0,58.0,4.0,232.0
82942,109.0,17.0,16.0,14.0,156.0
87506,28.0,15.0,2.0,1.0,46.0
22910,124.0,35.0,2.0,12.0,173.0
25657,105.0,3.0,2.0,3.0,113.0
78256,191.0,63.0,63.0,26.0,343.0
44255,110.0,22.0,7.0,1.0,140.0
32316,371.59943230000005,3.0,2.0,6.0,396.0
95261,83.0,3.0,2.0,12.0,100.0
97154,60.0,24.0,46.0,1.0,131.0
56880,94.0,4.0,2.0,1.0,101.0
80210,35.0,21.0,2.0,6.0,64.0
15715,78.0,24.0,2.0,13.0,117.0
74175,54.0,32.0,2.0,1.0,89.0
27084,13.0,23.0,4.0,1.0,41.0
63299,56.0,38.0,4.0,4.0,102.0
57579,165.0,4.0,3.0,4.0,176.0
45141,84.0,33.0,4.0,4.0,125.0
32651,14.0,3.0,2.0,1.0,20.0
46628,25.0,27.0,2.0,1.0,55.0
55893,23.0,47.0,2.0,1.0,73.0
37315,79.0,11.0,3.0,9.0,102.0
73941,20.0,3.0,2.0,1.0,26.0
16802,64.0,3.0,2.0,3.0,72.0
66460,54.0,3.0,2.0,1.0,60.0
58577,23.0,3.0,2.0,1.0,29.0
50772,79.0,10.0,2.0,2.0,93.0
37443,50.0,3.0,2.0,2.0,57.0
43368,24.0,16.0,2.0,1.0,43.0
91548,10.0,4.0,2.0,1.0,17.0
31020,85.0,5.0,24.0,2.0,116.0
74237,89.0,3.0,2.0,3.0,97.0
70760,203.0,18.0,74.12481095,43.06978837,404.0
55993,307.0,20.0,2.0,24.0,353.0
67647,11.0,3.0,2.0,1.0,17.0
50058,52.0,45.0,9.0,2.0,108.0
89539,27.0,10.0,2.0,3.0,42.0
66402,131.0,17.0,31.0,18.0,197.0
33667,168.0,82.06801162,2.0,15.0,291.0
48285,130.0,56.0,38.0,22.0,246.0
98054,73.0,3.0,2.0,1.0,79.0
42035,83.0,3.0,2.0,1.0,89.0
51858,113.0,31.0,2.0,3.0,149.0
28293,67.0,14.0,14.0,3.0,98.0
42910,61.0,3.0,2.0,3.0,69.0
64248,14.0,16.0,9.0,1.0,40.0
77274,96.0,21.0,4.0,1.0,122.0
2966,42.0,3.0,2.0,5.0,52.0
57628,26.0,46.0,2.0,1.0,75.0
63224,33.0,7.0,16.0,8.0,64.0
600,53.0,8.0,2.0,1.0,64.0
77050,39.0,3.0,2.0,2.0,46.0
46723,195.0,3.0,2.0,6.0,206.0
80141,171.0,12.0,2.0,11.0,196.0
1420,79.0,62.0,46.0,14.0,201.0
23695,68.0,3.0,2.0,1.0,74.0
38356,62.0,17.0,29.0,3.0,111.0
84132,108.0,3.0,2.0,1.0,114.0
7125,116.0,3.0,2.0,4.0,125.0
70275,95.0,3.0,2.0,2.0,102.0
59412,32.0,33.0,2.0,1.0,68.0
1740,25.0,3.0,2.0,1.0,31.0
68948,14.0,3.0,2.0,1.0,20.0
48006,28.0,14.0,2.0,1.0,45.0
31440,57.0,3.0,2.0,1.0,63.0
89070,96.0,3.0,2.0,1.0,102.0
49796,10.0,14.0,2.0,3.0,29.0
2238,133.0,64.0,2.0,4.0,203.0
65175,29.0,16.0,2.0,1.0,48.0
41838,48.0,39.0,2.0,1.0,90.0
96660,220.0,9.0,6.0,1.0,236.0
42495,25.0,3.0,2.0,1.0,31.0
14909,90.0,3.0,2.0,21.0,116.0
19063,195.0,3.0,2.0,9.0,209.0
76753,88.0,8.0,22.0,29.0,147.0
19772,49.0,39.0,70.0,31.0,189.0
23534,27.0,43.0,2.0,1.0,73.0
58882,70.0,3.0,5.0,3.0,81.0
9250,19.0,3.0,4.0,1.0,27.0
57613,46.0,26.0,5.0,2.0,79.0
28782,52.0,36.0,14.0,20.0,122.0
36970,110.0,20.0,32.0,43.06978837,219.0
10950,181.0,17.0,12.0,17.0,227.0
29903,34.0,3.0,2.0,1.0,40.0
60091,123.0,32.0,58.0,10.0,223.0
73324,14.0,8.0,2.0,2.0,26.0
52931,33.0,40.0,6.0,1.0,80.0
11257,116.0,11.0,2.0,6.0,135.0
74289,10.0,5.0,2.0,2.0,19.0
53022,73.0,67.0,2.0,1.0,143.0
25733,16.0,3.0,2.0,1.0,22.0
79714,31.0,42.0,2.0,1.0,76.0
35105,62.0,9.0,40.0,7.0,118.0
87374,122.0,3.0,2.0,1.0,128.0
24746,42.0,35.0,2.0,12.0,91.0
80911,99.0,39.0,3.0,12.0,153.0
60352,36.0,8.0,2.0,1.0,47.0
19066,80.0,3.0,2.0,1.0,86.0
2534,98.0,3.0,2.0,11.0,114.0
93356,12.0,3.0,2.0,4.0,21.0
2466,10.0,11.0,2.0,1.0,24.0
18176,64.0,3.0,2.0,2.0,71.0
93666,100.0,9.0,30.0,1.0,140.0
40748,129.0,19.0,2.0,2.0,152.0
81790,79.0,7.0,13.0,26.0,125.0
72800,24.0,12.0,18.0,1.0,55.0
7151,126.0,34.0,7.0,1.0,168.0
8523,50.0,3.0,2.0,2.0,57.0
81435,30.0,6.0,23.0,13.0,72.0
7496,16.0,16.0,7.0,2.0,41.0
90040,76.0,27.0,38.0,33.0,174.0
41455,39.0,34.0,9.0,1.0,83.0
87382,14.0,14.0,2.0,1.0,31.0
14361,14.0,3.0,2.0,1.0,20.0
61461,44.0,72.0,9.0,7.0,132.0
44436,35.0,18.0,2.0,7.0,62.0
29935,45.0,53.0,2.0,1.0,101.0
91380,38.0,3.0,2.0,3.0,46.0
43921,50.0,31.0,37.0,1.0,119.0
42185,64.0,36.0,6.0,1.0,107.0
58060,16.0,17.0,4.0,1.0,38.0
77010,43.0,22.0,2.0,11.0,78.0
49879,96.0,10.0,2.0,4.0,112.0
76646,142.0,29.0,4.0,29.0,204.0
87007,110.0,3.0,2.0,2.0,117.0
45695,36.0,60.0,40.0,1.0,137.0
15998,117.0,4.0,38.0,5.0,164.0
51048,42.0,25.0,6.0,1.0,74.0
96014,69.0,18.0,19.0,1.0,107.0
85886,101.0,3.0,2.0,1.0,107.0
64205,27.0,35.0,2.0,6.0,70.0
50525,81.0,51.0,38.0,18.0,188.0
62371,74.0,3.0,2.0,9.0,88.0
64728,10.0,17.0,10.0,7.0,44.0
73521,106.0,28.0,23.0,6.0,163.0
53883,13.0,3.0,2.0,2.0,20.0
96484,147.0,34.0,5.0,4.0,190.0
99641,11.0,3.0,2.0,1.0,17.0
59493,134.0,5.0,7.0,3.0,149.0
87793,19.0,6.0,2.0,5.0,32.0
62919,48.0,3.0,2.0,1.0,54.0
4486,29.0,3.0,2.0,1.0,35.0
66912,108.0,3.0,2.0,1.0,114.0
26174,86.0,42.0,2.0,1.0,131.0
84351,43.0,42.0,2.0,1.0,88.0
63692,28.0,8.0,2.0,1.0,39.0
21381,13.0,3.0,2.0,1.0,19.0
32819,19.0,3.0,2.0,3.0,27.0
78804,38.0,37.0,40.0,43.06978837,163.0
62410,67.0,15.0,7.0,1.0,90.0
17793,82.0,20.0,2.0,9.0,113.0
85818,42.0,3.0,3.0,1.0,49.0
75888,26.0,3.0,2.0,1.0,32.0
51087,50.0,32.0,19.0,10.0,111.0
54258,108.0,33.0,8.0,32.0,181.0
44224,66.0,5.0,19.0,6.0,96.0
15274,64.0,11.0,2.0,2.0,79.0
28411,33.0,3.0,2.0,3.0,41.0
15239,78.0,65.0,74.12481095,1.0,223.0
38035,46.0,17.0,11.0,1.0,75.0
15574,64.0,3.0,2.0,3.0,72.0
49417,138.0,15.0,5.0,1.0,159.0
3920,53.0,40.0,2.0,2.0,97.0
24168,103.0,19.0,74.12481095,40.0,258.0
99705,159.0,34.0,2.0,1.0,196.0
8895,14.0,3.0,2.0,1.0,20.0
45260,10.0,9.0,2.0,1.0,22.0
13155,115.0,8.0,46.0,1.0,170.0
7955,137.0,3.0,3.0,3.0,146.0
85472,33.0,3.0,2.0,1.0,39.0
16212,24.0,27.0,6.0,5.0,62.0
35483,119.0,44.0,3.0,14.0,180.0
80606,92.0,3.0,2.0,3.0,100.0
7723,139.0,3.0,2.0,17.0,161.0
61212,122.0,42.0,2.0,2.0,168.0
19930,35.0,11.0,3.0,27.0,76.0
28172,22.0,10.0,2.0,1.0,35.0
54778,62.0,3.0,2.0,3.0,70.0
36829,16.0,9.0,2.0,2.0,29.0
12078,24.0,16.0,2.0,1.0,43.0
584,20.0,60.0,2.0,1.0,83.0
2184,100.0,13.0,2.0,1.0,116.0
15172,11.0,6.0,2.0,1.0,20.0
35482,85.0,3.0,2.0,6.0,96.0
82651,122.0,3.0,2.0,2.0,129.0
7109,30.0,26.0,13.0,8.0,77.0
65457,34.0,82.06801162,20.0,3.0,176.0
2967,118.0,3.0,2.0,10.0,133.0
99246,285.0,20.0,10.0,3.0,318.0
78018,49.0,3.0,2.0,1.0,55.0
27935,118.0,7.0,2.0,10.0,137.0
46038,90.0,24.0,13.0,1.0,128.0
39882,21.0,11.0,6.0,31.0,69.0
33299,45.0,7.0,2.0,1.0,55.0
4925,158.0,9.0,15.0,2.0,184.0
18949,73.0,16.0,5.0,9.0,103.0
50955,69.0,3.0,2.0,1.0,75.0
87911,22.0,49.0,2.0,1.0,74.0
2818,15.0,3.0,2.0,1.0,21.0
39110,11.0,8.0,2.0,1.0,22.0
186,13.0,4.0,2.0,1.0,20.0
95299,58.0,25.0,6.0,10.0,99.0
43539,89.0,8.0,2.0,2.0,101.0
30315,72.0,71.0,67.0,11.0,221.0
3135,94.0,3.0,12.0,1.0,110.0
11082,20.0,3.0,2.0,1.0,26.0
49838,61.0,52.0,2.0,1.0,116.0
54877,84.0,15.0,7.0,22.0,128.0
84367,166.0,46.0,67.0,3.0,282.0
4998,119.0,23.0,17.0,31.0,190.0
84321,174.0,9.0,2.0,1.0,186.0
91921,148.0,17.0,4.0,43.06978837,261.0
63133,104.0,41.0,74.12481095,11.0,247.0
73286,37.0,22.0,43.0,20.0,122.0
9256,102.0,3.0,2.0,5.0,112.0
52255,31.0,8.0,3.0,2.0,44.0
29244,11.0,3.0,2.0,1.0,17.0
44952,135.0,27.0,2.0,19.0,183.0
21685,61.0,14.0,2.0,24.0,101.0
52226,14.0,19.0,2.0,1.0,36.0
51685,62.0,41.0,3.0,10.0,116.0
35881,103.0,3.0,2.0,1.0,109.0
96407,27.0,5.0,2.0,1.0,35.0
42901,63.0,10.0,2.0,3.0,78.0
24050,35.0,6.0,25.0,6.0,72.0
55174,38.0,18.0,25.0,10.0,91.0
59326,27.0,16.0,29.0,3.0,75.0
82725,30.0,9.0,2.0,1.0,42.0
58788,30.0,3.0,2.0,1.0,36.0
65165,30.0,13.0,2.0,3.0,48.0
19819,106.0,3.0,2.0,1.0,112.0
34005,62.0,63.0,36.0,5.0,166.0
97311,41.0,6.0,2.0,7.0,56.0
74541,81.0,3.0,2.0,1.0,87.0
71798,12.0,5.0,2.0,1.0,20.0
59522,63.0,30.0,2.0,1.0,96.0
50871,22.0,48.0,2.0,1.0,73.0
23081,16.0,10.0,2.0,1.0,29.0
89495,120.0,20.0,24.0,1.0,165.0
74777,49.0,15.0,2.0,2.0,68.0
88940,145.0,3.0,2.0,1.0,151.0
96612,83.0,34.0,58.0,9.0,184.0
13522,109.0,28.0,26.0,1.0,164.0
21535,11.0,3.0,2.0,1.0,17.0
84382,313.0,3.0,2.0,43.06978837,373.0
18573,84.0,56.0,3.0,6.0,149.0
51806,120.0,24.0,2.0,3.0,149.0
29049,16.0,22.0,13.0,1.0,52.0
32173,127.0,3.0,2.0,4.0,136.0
71240,47.0,8.0,2.0,5.0,62.0
76267,75.0,16.0,2.0,2.0,95.0
84583,16.0,4.0,2.0,5.0,27.0
12988,106.0,82.06801162,34.0,1.0,244.0
65882,132.0,21.0,4.0,11.0,168.0
39477,121.0,23.0,3.0,1.0,148.0
55002,95.0,11.0,2.0,5.0,113.0
6417,14.0,7.0,2.0,1.0,24.0
51771,57.0,23.0,9.0,23.0,112.0
27299,10.0,3.0,2.0,2.0,17.0
29881,123.0,19.0,2.0,1.0,145.0
88246,34.0,41.0,3.0,1.0,79.0
86567,101.0,3.0,2.0,1.0,107.0
23335,47.0,82.0,2.0,14.0,145.0
47408,85.0,82.06801162,32.0,2.0,254.0
72966,111.0,3.0,2.0,1.0,117.0
28532,186.0,35.0,16.0,8.0,245.0
1909,35.0,3.0,2.0,3.0,43.0
80579,82.0,3.0,2.0,1.0,88.0
22200,127.0,39.0,3.0,3.0,172.0
8741,38.0,3.0,2.0,2.0,45.0
73260,50.0,3.0,2.0,15.0,70.0
2684,81.0,12.0,2.0,1.0,96.0
72732,53.0,14.0,9.0,5.0,81.0
9750,21.0,10.0,2.0,1.0,34.0
33143,10.0,8.0,2.0,1.0,21.0
81346,64.0,3.0,2.0,1.0,70.0
98846,12.0,3.0,2.0,1.0,18.0
90612,168.0,3.0,2.0,2.0,175.0
74552,24.0,3.0,2.0,4.0,33.0
41964,83.0,33.0,4.0,2.0,122.0
90094,25.0,3.0,2.0,1.0,31.0
53113,66.0,75.0,34.0,43.06978837,259.0
88573,128.0,33.0,74.12481095,3.0,239.0
86575,103.0,17.0,2.0,2.0,124.0
15290,13.0,3.0,2.0,1.0,19.0
99154,19.0,3.0,2.0,1.0,25.0
32698,12.0,3.0,2.0,1.0,18.0
49532,15.0,19.0,2.0,1.0,37.0
23120,26.0,17.0,10.0,1.0,54.0
35740,55.0,3.0,2.0,8.0,68.0
77827,69.0,21.0,34.0,6.0,130.0
92696,13.0,3.0,2.0,1.0,19.0
30530,113.0,14.0,2.0,6.0,135.0
9460,186.0,3.0,2.0,1.0,192.0
5727,74.0,33.0,74.12481095,43.06978837,248.0
16206,154.0,3.0,2.0,9.0,168.0
99088,58.0,15.0,7.0,1.0,81.0
23932,43.0,22.0,2.0,2.0,69.0
94884,127.0,3.0,2.0,2.0,134.0
64651,19.0,3.0,2.0,3.0,27.0
57846,37.0,3.0,2.0,2.0,44.0
9412,55.0,19.0,17.0,43.06978837,168.0
62516,29.0,13.0,2.0,1.0,45.0
37148,26.0,3.0,2.0,1.0,32.0
20534,11.0,3.0,2.0,1.0,17.0
39616,32.0,37.0,31.0,5.0,105.0
56350,167.0,18.0,33.0,5.0,223.0
84354,67.0,38.0,3.0,7.0,115.0
80495,72.0,4.0,2.0,1.0,79.0
98588,17.0,8.0,2.0,1.0,28.0
96885,35.0,64.0,17.0,7.0,123.0
17922,34.0,4.0,73.0,1.0,112.0
12045,41.0,50.0,19.0,18.0,128.0
83497,120.0,12.0,74.12481095,7.0,248.0
64980,81.0,28.0,34.0,3.0,146.0
38271,46.0,3.0,4.0,1.0,54.0
70898,99.0,34.0,8.0,1.0,142.0
37068,165.0,3.0,2.0,1.0,171.0
31404,93.0,11.0,2.0,2.0,108.0
29944,21.0,6.0,2.0,1.0,30.0
45808,20.0,24.0,2.0,1.0,47.0
43018,21.0,3.0,2.0,10.0,36.0
21120,58.0,17.0,2.0,1.0,78.0
6129,52.0,5.0,2.0,1.0,60.0
3909,13.0,10.0,3.0,1.0,27.0
80240,112.0,10.0,2.0,43.06978837,188.0
31059,17.0,31.0,9.0,19.0,76.0
16607,50.0,3.0,2.0,1.0,56.0
37237,99.0,23.0,14.0,4.0,140.0
95666,18.0,53.0,22.0,1.0,94.0
38437,68.0,3.0,44.0,10.0,125.0
98089,69.0,3.0,2.0,1.0,75.0
4393,72.0,9.0,19.0,3.0,103.0
90651,89.0,82.0,4.0,6.0,181.0
85193,55.0,11.0,4.0,2.0,72.0
8200,40.0,7.0,2.0,1.0,50.0
50343,13.0,15.0,2.0,1.0,31.0
94651,19.0,33.0,2.0,12.0,66.0
83597,94.0,18.0,3.0,7.0,122.0
28139,106.0,35.0,35.0,4.0,180.0
85178,87.0,18.0,41.0,16.0,162.0
44548,50.0,14.0,7.0,6.0,77.0
96498,139.0,10.0,2.0,4.0,155.0
72897,211.0,3.0,2.0,8.0,224.0
63214,165.0,18.0,36.0,22.0,241.0
41137,33.0,36.0,4.0,21.0,94.0
43255,106.0,39.0,28.0,16.0,189.0
66865,12.0,3.0,2.0,1.0,18.0
30629,11.0,3.0,2.0,1.0,17.0
9601,96.0,3.0,2.0,4.0,105.0
29575,19.0,64.0,19.0,7.0,109.0
46341,38.0,30.0,27.0,5.0,100.0
26939,18.0,14.0,2.0,1.0,35.0
49188,13.0,12.0,2.0,1.0,28.0
37134,20.0,10.0,8.0,4.0,42.0
55725,60.0,41.0,16.0,11.0,128.0
5629,33.0,3.0,2.0,1.0,39.0
13691,25.0,62.0,25.0,1.0,113.0
13812,15.0,8.0,3.0,3.0,29.0
43103,136.0,40.0,2.0,1.0,179.0
79282,62.0,14.0,20.0,2.0,98.0
77494,12.0,3.0,2.0,1.0,18.0
60553,17.0,13.0,3.0,1.0,34.0
52242,15.0,3.0,2.0,1.0,21.0
88392,69.0,18.0,74.12481095,24.0,194.0
34145,17.0,32.0,7.0,6.0,62.0
18585,10.0,3.0,2.0,3.0,18.0
70407,40.0,17.0,4.0,4.0,65.0
76849,55.0,5.0,2.0,2.0,64.0
8846,42.0,32.0,5.0,7.0,86.0
84447,47.0,9.0,2.0,4.0,62.0
43441,31.0,18.0,5.0,1.0,55.0
90596,175.0,14.0,2.0,3.0,194.0
10737,105.0,7.0,2.0,2.0,116.0
27570,118.0,17.0,5.0,3.0,143.0
5547,85.0,9.0,5.0,43.06978837,156.0
71038,19.0,3.0,2.0,1.0,25.0
53229,94.0,21.0,4.0,4.0,123.0
46655,34.0,30.0,2.0,1.0,67.0
74630,85.0,3.0,2.0,1.0,91.0
3555,111.0,21.0,7.0,6.0,145.0
32607,34.0,3.0,2.0,3.0,42.0
75723,60.0,29.0,4.0,7.0,100.0
47005,27.0,3.0,3.0,27.0,60.0
27529,64.0,21.0,18.0,3.0,106.0
23017,98.0,18.0,74.12481095,18.0,228.0
77334,12.0,3.0,2.0,1.0,18.0
96652,97.0,39.0,3.0,6.0,145.0
95124,103.0,35.0,14.0,29.0,181.0
56324,158.0,48.0,39.0,25.0,270.0
19101,98.0,39.0,2.0,4.0,143.0
27406,14.0,13.0,2.0,1.0,30.0
57498,17.0,3.0,2.0,1.0,23.0
7645,99.0,3.0,2.0,3.0,107.0
35237,173.0,3.0,74.12481095,9.0,337.0
5245,206.0,3.0,2.0,1.0,212.0
80330,45.0,14.0,2.0,2.0,63.0
90708,30.0,3.0,2.0,1.0,36.0
77944,13.0,3.0,2.0,2.0,20.0
72261,56.0,19.0,2.0,4.0,81.0
43288,18.0,10.0,2.0,1.0,31.0
54509,124.0,82.06801162,55.0,3.0,290.0
16031,168.0,26.0,70.0,1.0,265.0
10217,77.0,3.0,2.0,3.0,85.0
16953,13.0,3.0,2.0,1.0,19.0
301,28.0,17.0,10.0,5.0,60.0
11581,12.0,4.0,2.0,1.0,19.0
99892,95.0,49.0,3.0,3.0,150.0
97472,37.0,37.0,16.0,3.0,93.0
76428,48.0,24.0,2.0,4.0,78.0
6243,124.0,3.0,2.0,5.0,134.0
654,12.0,3.0,2.0,3.0,20.0
8078,34.0,77.0,7.0,2.0,120.0
67742,74.0,4.0,2.0,1.0,81.0
37631,13.0,25.0,34.0,2.0,74.0
76609,93.0,3.0,2.0,2.0,100.0
15713,23.0,3.0,2.0,1.0,29.0
51282,104.0,9.0,12.0,7.0,132.0
33708,10.0,3.0,2.0,3.0,18.0
97530,124.0,48.0,2.0,3.0,177.0
49257,19.0,12.0,2.0,3.0,36.0
19253,87.0,3.0,2.0,8.0,100.0
89185,55.0,3.0,8.0,1.0,67.0
76880,17.0,3.0,2.0,1.0,23.0
26959,12.0,3.0,2.0,1.0,18.0
36692,34.0,82.06801162,14.0,5.0,155.0
76337,22.0,32.0,6.0,1.0,61.0
71446,38.0,40.0,2.0,1.0,81.0
68295,78.0,12.0,74.12481095,6.0,185.0
64255,30.0,15.0,2.0,2.0,49.0
24189,34.0,14.0,11.0,8.0,67.0
29147,111.0,20.0,3.0,5.0,139.0
84834,70.0,3.0,2.0,1.0,76.0
34357,12.0,3.0,2.0,6.0,23.0
34498,36.0,82.06801162,5.0,1.0,147.0
21293,78.0,32.0,36.0,17.0,163.0
81247,30.0,32.0,48.0,43.06978837,154.0
11602,19.0,11.0,3.0,2.0,35.0
95157,11.0,3.0,2.0,5.0,21.0
46964,265.0,37.0,17.0,31.0,350.0
83237,64.0,43.0,2.0,6.0,115.0
64781,371.59943230000005,3.0,2.0,11.0,446.3551916
31157,39.0,28.0,9.0,3.0,79.0
9511,166.0,22.0,63.0,1.0,252.0
53093,103.0,3.0,2.0,1.0,109.0
33122,11.0,3.0,2.0,1.0,17.0
60250,35.0,82.06801162,17.0,4.0,142.0
92627,57.0,15.0,5.0,1.0,78.0
77349,55.0,12.0,2.0,1.0,70.0
1905,88.0,3.0,2.0,43.06978837,139.0
56887,172.0,3.0,2.0,3.0,180.0
14120,72.0,28.0,2.0,3.0,105.0
55894,55.0,19.0,43.0,8.0,125.0
87380,10.0,3.0,2.0,2.0,17.0
94349,99.0,38.0,55.0,7.0,199.0
31811,65.0,3.0,2.0,1.0,71.0
21865,19.0,38.0,2.0,1.0,60.0
34725,173.0,10.0,8.0,3.0,194.0
77397,120.0,3.0,2.0,10.0,135.0
57040,37.0,31.0,2.0,11.0,81.0
51911,10.0,3.0,2.0,3.0,18.0
85407,37.0,40.0,7.0,2.0,86.0
72990,189.0,3.0,2.0,1.0,195.0
1276,90.0,3.0,2.0,27.0,122.0
39857,96.0,3.0,2.0,1.0,102.0
27686,11.0,3.0,2.0,1.0,17.0
24548,25.0,17.0,19.0,21.0,82.0
48118,11.0,3.0,2.0,1.0,17.0
98972,102.0,14.0,12.0,5.0,133.0
35378,199.0,8.0,7.0,4.0,218.0
4156,73.0,42.0,14.0,1.0,130.0
64839,85.0,25.0,2.0,1.0,113.0
11880,24.0,33.0,2.0,1.0,60.0
61628,66.0,7.0,5.0,11.0,89.0
9009,13.0,37.0,11.0,3.0,64.0
37744,148.0,39.0,74.12481095,14.0,281.0
31283,42.0,26.0,2.0,1.0,71.0
90968,11.0,3.0,2.0,1.0,17.0
17038,138.0,3.0,2.0,33.0,176.0
32057,20.0,23.0,2.0,1.0,46.0
64667,80.0,37.0,74.12481095,7.0,296.0
7912,18.0,4.0,2.0,1.0,25.0
23546,18.0,6.0,3.0,6.0,33.0
30872,371.59943230000005,3.0,2.0,6.0,420.0
65905,93.0,3.0,2.0,1.0,99.0
74444,25.0,23.0,2.0,10.0,60.0
24891,176.0,42.0,36.0,4.0,258.0
77099,58.0,9.0,2.0,1.0,70.0
17645,62.0,3.0,2.0,22.0,89.0
79126,127.0,3.0,2.0,2.0,134.0
47042,81.0,3.0,2.0,1.0,87.0
28714,102.0,50.0,52.0,6.0,210.0
51588,59.0,8.0,2.0,11.0,80.0
6904,25.0,3.0,2.0,1.0,31.0
50274,57.0,61.0,74.12481095,5.0,227.0
5408,69.0,78.0,55.0,21.0,223.0
1877,78.0,3.0,2.0,1.0,84.0
36496,58.0,21.0,6.0,10.0,95.0
47594,92.0,9.0,25.0,16.0,142.0
32693,57.0,3.0,2.0,9.0,71.0
40958,54.0,47.0,51.0,3.0,155.0
43905,28.0,7.0,2.0,1.0,38.0
13008,16.0,23.0,2.0,3.0,44.0
58291,66.0,82.06801162,74.12481095,1.0,292.0
14780,101.0,23.0,2.0,2.0,128.0
18518,116.0,20.0,2.0,1.0,139.0
66832,11.0,26.0,2.0,24.0,63.0
63040,16.0,47.0,6.0,2.0,71.0
62066,70.0,7.0,50.0,7.0,134.0
4910,193.0,3.0,2.0,15.0,213.0
64789,35.0,33.0,2.0,6.0,76.0
34455,37.0,3.0,2.0,1.0,43.0
77390,189.0,3.0,2.0,7.0,201.0
15877,14.0,65.0,5.0,6.0,90.0
16417,10.0,9.0,2.0,1.0,22.0
61900,106.0,4.0,2.0,1.0,113.0
41007,133.0,63.0,16.0,8.0,220.0
50364,95.0,18.0,57.0,7.0,177.0
73794,33.0,45.0,2.0,11.0,91.0
10176,32.0,19.0,5.0,2.0,58.0
73785,58.0,21.0,74.12481095,29.0,227.0
88916,42.0,32.0,7.0,12.0,93.0
25132,84.0,47.0,18.0,1.0,150.0
77095,26.0,55.0,12.0,4.0,97.0
46682,11.0,3.0,2.0,1.0,17.0
82904,71.0,29.0,2.0,1.0,103.0
45582,51.0,32.0,29.0,1.0,113.0
76555,11.0,3.0,2.0,1.0,17.0
36189,48.0,65.0,71.0,43.06978837,235.0
77189,57.0,20.0,2.0,9.0,88.0
4833,115.0,62.0,38.0,1.0,216.0
20843,210.0,3.0,2.0,18.0,233.0
8887,55.0,51.0,2.0,4.0,112.0
86323,70.0,16.0,37.0,2.0,125.0
51453,48.0,16.0,20.0,15.0,99.0
24103,20.0,49.0,35.0,1.0,105.0
25669,13.0,3.0,2.0,1.0,19.0
734,53.0,17.0,32.0,1.0,103.0
37328,371.59943230000005,3.0,2.0,1.0,446.3551916
96278,20.0,3.0,2.0,1.0,26.0
14607,72.0,53.0,3.0,7.0,135.0
65955,133.0,42.0,21.0,19.0,215.0
49044,36.0,3.0,4.0,2.0,45.0
55269,10.0,82.06801162,2.0,1.0,105.0
18143,86.0,82.06801162,2.0,1.0,190.0
16621,108.0,3.0,2.0,1.0,114.0
49476,43.0,30.0,21.0,20.0,114.0
52620,50.0,43.0,4.0,1.0,98.0
77252,73.0,24.0,2.0,1.0,100.0
17526,55.0,41.0,10.0,17.0,123.0
73473,162.0,38.0,11.0,18.0,229.0
30675,101.0,34.0,74.12481095,5.0,251.0
23282,49.0,3.0,2.0,1.0,55.0
23418,91.0,3.0,2.0,1.0,97.0
70741,75.0,5.0,2.0,1.0,83.0
31394,16.0,3.0,2.0,1.0,22.0
24425,93.0,3.0,2.0,1.0,99.0
52498,45.0,58.0,68.0,4.0,175.0
76799,50.0,3.0,2.0,1.0,56.0
35724,26.0,3.0,2.0,1.0,32.0
77974,26.0,36.0,2.0,2.0,66.0
75287,85.0,3.0,3.0,2.0,93.0
60449,40.0,15.0,2.0,4.0,61.0
36095,49.0,22.0,15.0,1.0,87.0
63247,99.0,3.0,2.0,13.0,117.0
96225,258.0,24.0,2.0,8.0,292.0
26720,38.0,11.0,14.0,2.0,65.0
66935,125.0,3.0,2.0,1.0,131.0
55086,173.0,26.0,65.0,2.0,266.0
49578,75.0,3.0,2.0,1.0,81.0
27639,128.0,4.0,2.0,12.0,146.0
7320,371.59943230000005,4.0,2.0,16.0,446.3551916
57935,12.0,15.0,2.0,1.0,30.0
13827,45.0,22.0,2.0,1.0,70.0
80279,79.0,57.0,16.0,7.0,159.0
17958,37.0,40.0,47.0,1.0,125.0
99531,13.0,3.0,2.0,1.0,19.0
84337,71.0,3.0,2.0,2.0,78.0
87636,29.0,71.0,43.0,1.0,144.0
36504,71.0,16.0,20.0,1.0,108.0
1081,28.0,45.0,2.0,1.0,76.0
90356,122.0,18.0,2.0,2.0,144.0
40314,146.0,3.0,2.0,10.0,161.0
64386,47.0,24.0,4.0,2.0,77.0
68845,137.0,3.0,53.0,43.06978837,246.0
8058,19.0,3.0,2.0,1.0,25.0
30767,355.0,3.0,2.0,21.0,381.0
70456,10.0,5.0,2.0,1.0,18.0
84740,22.0,20.0,29.0,1.0,72.0
44890,72.0,18.0,4.0,3.0,97.0
60516,142.0,47.0,43.0,6.0,238.0
90124,119.0,5.0,2.0,4.0,130.0
35008,23.0,3.0,2.0,1.0,29.0
39060,48.0,14.0,4.0,4.0,70.0
39367,68.0,16.0,49.0,3.0,136.0
43023,21.0,29.0,43.0,1.0,94.0
48162,99.0,32.0,12.0,28.0,171.0
18592,12.0,5.0,2.0,3.0,22.0
25976,16.0,3.0,2.0,1.0,22.0
80313,178.0,31.0,3.0,6.0,218.0
6513,39.0,14.0,2.0,2.0,57.0
65052,290.0,22.0,20.0,1.0,333.0
10992,19.0,3.0,2.0,1.0,25.0
79588,50.0,18.0,46.0,1.0,115.0
373,69.0,3.0,2.0,6.0,80.0
71227,31.0,42.0,23.0,35.0,131.0
35574,51.0,3.0,2.0,25.0,81.0
1950,66.0,12.0,2.0,3.0,83.0
90854,76.0,25.0,45.0,25.0,171.0
26379,71.0,14.0,2.0,2.0,89.0
14630,76.0,3.0,2.0,1.0,82.0
91726,101.0,22.0,35.0,1.0,159.0
16435,63.0,36.0,2.0,1.0,102.0
86771,92.0,3.0,2.0,1.0,98.0
16022,45.0,3.0,2.0,1.0,51.0
53729,82.0,11.0,3.0,2.0,98.0
21529,62.0,5.0,17.0,1.0,85.0
76568,115.0,33.0,3.0,9.0,160.0
61346,76.0,9.0,6.0,2.0,93.0
38767,32.0,57.0,31.0,1.0,121.0
76057,17.0,21.0,2.0,1.0,41.0
88115,27.0,38.0,5.0,4.0,74.0
38283,13.0,8.0,2.0,7.0,30.0
34233,23.0,26.0,9.0,5.0,63.0
54454,12.0,3.0,2.0,1.0,18.0
61274,36.0,3.0,2.0,1.0,42.0
60945,21.0,25.0,4.0,1.0,51.0
64667,80.0,37.0,74.12481095,7.0,296.0
43023,21.0,29.0,43.0,1.0,94.0
12254,20.0,5.0,2.0,1.0,28.0
89330,92.0,3.0,2.0,27.0,124.0
27355,141.0,12.0,8.0,20.0,181.0
9436,55.0,12.0,7.0,3.0,77.0
54258,108.0,33.0,8.0,32.0,181.0
72261,56.0,19.0,2.0,4.0,81.0
31394,16.0,3.0,2.0,1.0,22.0
13882,75.0,38.0,2.0,2.0,117.0
15119,61.0,49.0,5.0,7.0,122.0
48869,12.0,24.0,2.0,1.0,39.0
49338,13.0,3.0,2.0,5.0,23.0
69383,87.0,3.0,2.0,2.0,94.0
62066,70.0,7.0,50.0,7.0,134.0
89303,53.0,3.0,2.0,11.0,69.0
48588,42.0,4.0,2.0,2.0,50.0
13827,45.0,22.0,2.0,1.0,70.0
6056,10.0,3.0,2.0,2.0,17.0
93774,10.0,5.0,2.0,1.0,18.0
55894,55.0,19.0,43.0,8.0,125.0
59707,43.0,33.0,2.0,1.0,79.0
53406,11.0,8.0,2.0,1.0,22.0
47020,19.0,8.0,4.0,4.0,35.0
38356,62.0,17.0,29.0,3.0,111.0
84740,22.0,20.0,29.0,1.0,72.0
75798,31.0,31.0,2.0,9.0,73.0
64651,19.0,3.0,2.0,3.0,27.0
94710,40.0,30.0,40.0,1.0,111.0
4189,57.0,6.0,3.0,1.0,67.0
23695,68.0,3.0,2.0,1.0,74.0
76596,75.0,3.0,2.0,12.0,92.0
1950,66.0,12.0,2.0,3.0,83.0
61058,99.0,15.0,2.0,1.0,117.0
91095,99.0,16.0,9.0,1.0,125.0
53954,371.59943230000005,3.0,2.0,43.06978837,446.3551916
19253,87.0,3.0,2.0,8.0,100.0
33708,10.0,3.0,2.0,3.0,18.0
47057,25.0,47.0,18.0,1.0,91.0
80476,70.0,82.06801162,74.12481095,11.0,323.0
22223,93.0,19.0,2.0,10.0,124.0
1877,78.0,3.0,2.0,1.0,84.0
27500,14.0,3.0,2.0,6.0,25.0
19772,49.0,39.0,70.0,31.0,189.0
67466,82.0,30.0,15.0,15.0,142.0
84740,22.0,20.0,29.0,1.0,72.0
77957,66.0,3.0,2.0,5.0,76.0
21132,11.0,3.0,2.0,1.0,17.0
40811,45.0,39.0,2.0,1.0,87.0
75287,85.0,3.0,3.0,2.0,93.0
76341,50.0,58.0,3.0,12.0,123.0
89185,55.0,3.0,8.0,1.0,67.0
86485,25.0,46.0,2.0,1.0,74.0
89303,53.0,3.0,2.0,11.0,69.0
26939,18.0,14.0,2.0,1.0,35.0
79387,65.0,24.0,5.0,10.0,104.0
98519,45.0,3.0,2.0,10.0,60.0
72966,111.0,3.0,2.0,1.0,117.0
20436,124.0,3.0,2.0,1.0,130.0
7411,14.0,3.0,2.0,1.0,20.0
97154,60.0,24.0,46.0,1.0,131.0
36217,35.0,16.0,2.0,9.0,62.0
12705,36.0,34.0,22.0,5.0,97.0
13691,25.0,62.0,25.0,1.0,113.0
66865,12.0,3.0,2.0,1.0,18.0
75971,39.0,45.0,2.0,2.0,88.0
89977,139.0,17.0,74.12481095,15.0,271.0
93611,112.0,56.0,34.0,8.0,210.0
46628,25.0,27.0,2.0,1.0,55.0
24827,51.0,27.0,22.0,11.0,111.0
97189,10.0,7.0,2.0,4.0,23.0
93937,28.0,3.0,2.0,1.0,34.0
64557,128.0,30.0,2.0,1.0,161.0
54382,28.0,20.0,4.0,1.0,53.0
18143,86.0,82.06801162,2.0,1.0,190.0
8078,34.0,77.0,7.0,2.0,120.0
27608,23.0,39.0,7.0,1.0,70.0
89385,33.0,3.0,2.0,1.0,39.0
76251,27.0,24.0,2.0,1.0,54.0
3535,49.0,43.0,2.0,1.0,95.0
48285,130.0,56.0,38.0,22.0,246.0
19709,11.0,3.0,2.0,1.0,17.0
59720,115.0,32.0,43.0,1.0,191.0
816,17.0,37.0,2.0,1.0,57.0
75743,28.0,14.0,2.0,1.0,45.0
70938,102.0,3.0,2.0,6.0,113.0
44146,99.0,3.0,2.0,1.0,105.0
75362,140.0,45.0,2.0,5.0,192.0
74575,139.0,15.0,70.0,1.0,225.0
33708,10.0,3.0,2.0,3.0,18.0
44303,60.0,3.0,2.0,1.0,66.0
93611,112.0,56.0,34.0,8.0,210.0
61903,90.0,37.0,50.0,5.0,182.0
777,11.0,6.0,2.0,1.0,20.0
34233,23.0,26.0,9.0,5.0,63.0
20478,59.0,3.0,2.0,6.0,70.0
63133,104.0,41.0,74.12481095,11.0,247.0
33708,10.0,3.0,2.0,3.0,18.0
10212,54.0,33.0,2.0,6.0,95.0
