{"Lisa Rose":{"Just My Luck":3.0,"Lady in the Water":2.5,"Snakes on a Plane":3.5,"Superman Returns":3.5,"The Night Listener":3.0,"You, Me, and Dupree":2.5},"Gene Seymour":{"Just My Luck":1.5,"Lady in the Water":3.0,"Snakes on a Plane":3.5,"Superman Returns":5.0,"The Night Listener":3.5,"You, Me, and Dupree":3.0},"Michael Phillips":{"Just My Luck":null,"Lady in the Water":2.5,"Snakes on a Plane":3.0,"Superman Returns":3.5,"The Night Listener":4.0,"You, Me, and Dupree":null},"Claudia Puig":{"Just My Luck":null,"Lady in the Water":2.5,"Snakes on a Plane":3.0,"Superman Returns":4.0,"The Night Listener":4.5,"You, Me, and Dupree":2.5},"Mick LaSalle":{"Just My Luck":2.0,"Lady in the Water":3.0,"Snakes on a Plane":4.0,"Superman Returns":3.0,"The Night Listener":3.0,"You, Me, and Dupree":2.0},"Jack Mathews":{"Just My Luck":null,"Lady in the Water":3.0,"Snakes on a Plane":4.0,"Superman Returns":5.0,"The Night Listener":3.0,"You, Me, and Dupree":3.5},"Toby":{"Just My Luck":null,"Lady in the Water":null,"Snakes on a Plane":4.5,"Superman Returns":4.0,"The Night Listener":null,"You, Me, and Dupree":1.0}}